## easy-check 

../../../../../easy-check/src/utils.ml

../../../../../easy-check/src/show/show.mli
../../../../../easy-check/src/show/show.ml

../../../../../easy-check/src/test_env/test_env.mli
../../../../../easy-check/src/test_env/test_env.ml

../../../../../easy-check/src/translation/translation.mli
../../../../../easy-check/src/translation/translation.ml

../../../../../easy-check/src/protect/protect.mli
../../../../../easy-check/src/protect/protect.ml

../../../../../easy-check/src/get/get.ml
../../../../../easy-check/src/get/get.mli

../../../../../easy-check/src/assume/assume.mli
../../../../../easy-check/src/assume/assume.ml

../../../../../easy-check/src/check/check_support.mli
../../../../../easy-check/src/check/check_support.ml

../../../../../easy-check/src/check/check.mli
../../../../../easy-check/src/check/check.ml

../../../../../easy-check/src/testers/manually.mli
../../../../../easy-check/src/testers/manually.ml

../../../../../easy-check/src/testers/autotest.mli
../../../../../easy-check/src/testers/autotest.ml

../../../../../easy-check/src/result/result.mli
../../../../../easy-check/src/result/result.ml

## vg compare

../../src/compare.ml
../../src/compare.mli
